gene,gene_name,zscore,effect_size,pvalue,var_g,pred_perf_r2,pred_perf_pval,pred_perf_qval,n_snps_used,n_snps_in_cov,n_snps_in_model
NM_002035.4|KDSR|chr18|-,NM_002035.4|KDSR|chr18|,-4.685079440266834,-0.11942580888123552,2.7985136845204103e-06,0.026973643730987987,0.115097820778364,0.000222034338158345,0,16,17,17
