snp,effA,otA,beta,se,pval
rs18:60567749:C:T,T,C,0.00408975905524881,0.00621429242009638,0.51046
rs18:60837508:C:A,A,C,0.0384813619643691,0.00844853196788113,5.24358e-06
rs18:60838789:A:G,G,A,0.0383766538151158,0.0084391150425994,5.42937e-06
rs18:60840079:G:T,T,G,0.0385980148715376,0.00842956027041035,4.67454e-06
rs18:60840608:G:T,T,G,0.0386100674707655,0.00842671684770041,4.6085e-06
rs18:60840750:G:A,A,G,0.0384569244241318,0.00842865771483214,5.05146e-06
rs18:60841790:T:C,C,T,0.0382417905415939,0.00843065139611523,5.73197e-06
rs18:60841909:C:T,T,C,0.0376974214575289,0.00840020657431421,7.20037e-06
rs18:60842026:A:C,C,A,0.0378180009327593,0.00842886333938705,7.2326e-06
rs18:60990518:A:G,G,A,-0.0218125240907785,0.00666747856611316,0.00106986
rs18:60991409:AAAAG:A,A,AAAAG,-0.0220335137611294,0.00673100642158325,0.00106249
rs18:61013905:G:A,A,G,-0.02200031790294,0.00678208847191223,0.00117911
rs18:61014186:A:C,C,A,-0.0219610004760537,0.00677787828939249,0.00119488
rs18:61014368:T:C,C,T,-0.0218162888802542,0.00677760967341739,0.00128694
rs18:61015315:A:G,G,A,-0.0218873574759803,0.00678041860222821,0.00124648
rs18:61017108:T:G,G,T,-0.0220328876241948,0.00678939179604326,0.00117371
rs18:61017336:T:C,C,T,-0.0220797390079774,0.00678548976600824,0.00113807
