gene,rsid,eff_allele,ref_allele,weight
NM_002035.4|KDSR|chr18|-,rs18:60567749:C:T,C,T,0.01808927
NM_002035.4|KDSR|chr18|-,rs18:60837508:C:A,C,A,0.01371883
NM_002035.4|KDSR|chr18|-,rs18:60838789:A:G,A,G,0.01586083
NM_002035.4|KDSR|chr18|-,rs18:60840079:G:T,G,T,0.01649403
NM_002035.4|KDSR|chr18|-,rs18:60840608:G:T,G,T,0.01590529
NM_002035.4|KDSR|chr18|-,rs18:60840750:G:A,G,A,0.01487361
NM_002035.4|KDSR|chr18|-,rs18:60841790:T:C,T,C,0.01383854
NM_002035.4|KDSR|chr18|-,rs18:60841909:C:T,C,T,0.01291024
NM_002035.4|KDSR|chr18|-,rs18:60842026:A:C,A,C,0.01205562
NM_002035.4|KDSR|chr18|-,rs18:60990518:A:G,A,G,-0.09852554
NM_002035.4|KDSR|chr18|-,rs18:60991409:AAAAG:A,AAAAG,A,-0.09960297
NM_002035.4|KDSR|chr18|-,rs18:61013905:G:A,G,A,-0.02610837
NM_002035.4|KDSR|chr18|-,rs18:61014186:A:C,A,C,-0.02579092
NM_002035.4|KDSR|chr18|-,rs18:61014368:T:C,T,C,-0.02518185
NM_002035.4|KDSR|chr18|-,rs18:61015315:A:G,A,G,-0.02457486
NM_002035.4|KDSR|chr18|-,rs18:61017108:T:G,T,G,-0.02404292
NM_002035.4|KDSR|chr18|-,rs18:61017336:T:C,T,C,-0.02356435
